Name,Account number,Date,OldValue,NewValue
TransportCo1,AB0000000,01/01/2025,Blocked,Active
TransportCo1,AB0000000,22/01/2025,Active,Blocked
TransportCo1,AB0000000,29/01/2025,Blocked,Active
TransportCo1,AB0000000,12/02/2025,Active,Blocked
TransportCo2,AB0000001,01/01/2025,Blocked,Active
TransportCo2,AB0000001,15/01/2025,Active,Blocked
TransportCo2,AB0000001,05/02/2025,Blocked,Active
TransportCo2,AB0000001,12/02/2025,Active,Blocked
TransportCo2,AB0000001,05/03/2025,Blocked,Active
TransportCo2,AB0000001,26/03/2025,Active,Blocked
TransportCo3,AB0000002,01/01/2025,Blocked,Active
TransportCo3,AB0000002,15/01/2025,Active,Blocked
TransportCo3,AB0000002,29/01/2025,Blocked,Active
TransportCo3,AB0000002,12/02/2025,Active,Blocked
TransportCo3,AB0000002,26/02/2025,Blocked,Active
TransportCo3,AB0000002,12/03/2025,Active,Blocked
TransportCo3,AB0000002,26/03/2025,Blocked,Active
TransportCo3,AB0000002,16/04/2025,Active,Blocked
TransportCo3,AB0000002,23/04/2025,Blocked,Active
TransportCo3,AB0000002,07/05/2025,Active,Blocked
TransportCo3,AB0000002,21/05/2025,Blocked,Active
TransportCo3,AB0000002,04/06/2025,Active,Blocked
TransportCo3,AB0000002,25/06/2025,Blocked,Active
TransportCo4,AB0000003,01/01/2025,Active,Blocked
TransportCo4,AB0000003,22/01/2025,Blocked,Active
TransportCo4,AB0000003,29/01/2025,Active,Blocked
TransportCo4,AB0000003,05/02/2025,Blocked,Active
TransportCo4,AB0000003,26/02/2025,Active,Blocked
TransportCo4,AB0000003,05/03/2025,Blocked,Active
TransportCo4,AB0000003,19/03/2025,Active,Blocked
TransportCo4,AB0000003,09/04/2025,Blocked,Active
TransportCo4,AB0000003,16/04/2025,Active,Blocked
TransportCo4,AB0000003,07/05/2025,Blocked,Active
TransportCo4,AB0000003,21/05/2025,Active,Blocked
TransportCo4,AB0000003,04/06/2025,Blocked,Active
TransportCo4,AB0000003,11/06/2025,Active,Blocked
TransportCo4,AB0000003,18/06/2025,Blocked,Active
TransportCo4,AB0000003,25/06/2025,Active,Blocked
TransportCo5,AB0000004,01/01/2025,Blocked,Active
TransportCo5,AB0000004,22/01/2025,Active,Blocked
TransportCo6,AB0000005,01/01/2025,Blocked,Active
TransportCo6,AB0000005,08/01/2025,Active,Blocked
TransportCo7,AB0000006,01/01/2025,Blocked,Active
TransportCo7,AB0000006,08/01/2025,Active,Blocked
TransportCo7,AB0000006,29/01/2025,Blocked,Active
TransportCo7,AB0000006,05/02/2025,Active,Blocked
TransportCo7,AB0000006,26/02/2025,Blocked,Active
TransportCo7,AB0000006,12/03/2025,Active,Blocked
TransportCo7,AB0000006,19/03/2025,Blocked,Active
TransportCo7,AB0000006,26/03/2025,Active,Blocked
TransportCo8,AB0000007,01/01/2025,Blocked,Active
TransportCo8,AB0000007,22/01/2025,Active,Blocked
TransportCo8,AB0000007,29/01/2025,Blocked,Active
TransportCo8,AB0000007,05/02/2025,Active,Blocked
TransportCo8,AB0000007,26/02/2025,Blocked,Active
TransportCo8,AB0000007,05/03/2025,Active,Blocked
TransportCo8,AB0000007,12/03/2025,Blocked,Active
TransportCo8,AB0000007,02/04/2025,Active,Blocked
TransportCo8,AB0000007,09/04/2025,Blocked,Active
TransportCo9,AB0000008,01/01/2025,Active,Blocked
TransportCo9,AB0000008,08/01/2025,Blocked,Active
TransportCo9,AB0000008,22/01/2025,Active,Blocked
TransportCo9,AB0000008,05/02/2025,Blocked,Active
TransportCo9,AB0000008,26/02/2025,Active,Blocked
TransportCo10,AB0000009,01/01/2025,Blocked,Active
TransportCo10,AB0000009,22/01/2025,Active,Blocked
TransportCo10,AB0000009,29/01/2025,Blocked,Active
TransportCo10,AB0000009,19/02/2025,Active,Blocked
TransportCo11,AB0000010,01/01/2025,Blocked,Active
TransportCo11,AB0000010,15/01/2025,Active,Blocked
TransportCo11,AB0000010,22/01/2025,Blocked,Active
TransportCo11,AB0000010,05/02/2025,Active,Blocked
TransportCo11,AB0000010,19/02/2025,Blocked,Active
TransportCo11,AB0000010,26/02/2025,Active,Blocked
TransportCo11,AB0000010,12/03/2025,Blocked,Active
TransportCo12,AB0000011,01/01/2025,Active,Blocked
TransportCo12,AB0000011,15/01/2025,Blocked,Active
TransportCo12,AB0000011,05/02/2025,Active,Blocked
TransportCo12,AB0000011,19/02/2025,Blocked,Active
TransportCo12,AB0000011,05/03/2025,Active,Blocked
TransportCo12,AB0000011,19/03/2025,Blocked,Active
TransportCo12,AB0000011,02/04/2025,Active,Blocked
TransportCo12,AB0000011,09/04/2025,Blocked,Active
TransportCo12,AB0000011,30/04/2025,Active,Blocked
TransportCo12,AB0000011,21/05/2025,Blocked,Active
TransportCo12,AB0000011,11/06/2025,Active,Blocked
TransportCo12,AB0000011,02/07/2025,Blocked,Active
TransportCo12,AB0000011,23/07/2025,Active,Blocked
TransportCo12,AB0000011,13/08/2025,Blocked,Active
TransportCo13,AB0000012,01/01/2025,Active,Blocked
TransportCo13,AB0000012,08/01/2025,Blocked,Active
TransportCo13,AB0000012,22/01/2025,Active,Blocked
TransportCo13,AB0000012,05/02/2025,Blocked,Active
TransportCo13,AB0000012,12/02/2025,Active,Blocked
TransportCo13,AB0000012,05/03/2025,Blocked,Active
TransportCo13,AB0000012,26/03/2025,Active,Blocked
TransportCo13,AB0000012,16/04/2025,Blocked,Active
TransportCo13,AB0000012,30/04/2025,Active,Blocked
TransportCo13,AB0000012,21/05/2025,Blocked,Active
TransportCo13,AB0000012,11/06/2025,Active,Blocked
TransportCo13,AB0000012,02/07/2025,Blocked,Active
TransportCo13,AB0000012,09/07/2025,Active,Blocked
TransportCo14,AB0000013,01/01/2025,Blocked,Active
TransportCo14,AB0000013,22/01/2025,Active,Blocked
TransportCo15,AB0000014,01/01/2025,Blocked,Active
TransportCo15,AB0000014,15/01/2025,Active,Blocked
TransportCo15,AB0000014,29/01/2025,Blocked,Active
TransportCo15,AB0000014,05/02/2025,Active,Blocked
TransportCo16,AB0000015,01/01/2025,Blocked,Active
TransportCo16,AB0000015,15/01/2025,Active,Blocked
TransportCo16,AB0000015,05/02/2025,Blocked,Active
TransportCo16,AB0000015,12/02/2025,Active,Blocked
TransportCo16,AB0000015,19/02/2025,Blocked,Active
TransportCo16,AB0000015,12/03/2025,Active,Blocked
TransportCo16,AB0000015,26/03/2025,Blocked,Active
TransportCo16,AB0000015,02/04/2025,Active,Blocked
TransportCo16,AB0000015,16/04/2025,Blocked,Active
TransportCo16,AB0000015,30/04/2025,Active,Blocked
TransportCo16,AB0000015,21/05/2025,Blocked,Active
TransportCo16,AB0000015,04/06/2025,Active,Blocked
TransportCo16,AB0000015,18/06/2025,Blocked,Active
TransportCo17,AB0000016,01/01/2025,Active,Blocked
TransportCo17,AB0000016,15/01/2025,Blocked,Active
TransportCo17,AB0000016,05/02/2025,Active,Blocked
TransportCo17,AB0000016,26/02/2025,Blocked,Active
TransportCo17,AB0000016,19/03/2025,Active,Blocked
TransportCo17,AB0000016,26/03/2025,Blocked,Active
TransportCo17,AB0000016,09/04/2025,Active,Blocked
TransportCo17,AB0000016,30/04/2025,Blocked,Active
TransportCo17,AB0000016,21/05/2025,Active,Blocked
TransportCo17,AB0000016,04/06/2025,Blocked,Active
TransportCo17,AB0000016,25/06/2025,Active,Blocked
TransportCo17,AB0000016,16/07/2025,Blocked,Active
TransportCo17,AB0000016,23/07/2025,Active,Blocked
TransportCo18,AB0000017,01/01/2025,Blocked,Active
TransportCo18,AB0000017,22/01/2025,Active,Blocked
TransportCo18,AB0000017,05/02/2025,Blocked,Active
TransportCo19,AB0000018,01/01/2025,Active,Blocked
TransportCo19,AB0000018,22/01/2025,Blocked,Active
TransportCo19,AB0000018,29/01/2025,Active,Blocked
TransportCo19,AB0000018,12/02/2025,Blocked,Active
TransportCo20,AB0000019,01/01/2025,Active,Blocked
TransportCo20,AB0000019,08/01/2025,Blocked,Active
TransportCo20,AB0000019,29/01/2025,Active,Blocked
TransportCo20,AB0000019,12/02/2025,Blocked,Active
TransportCo20,AB0000019,19/02/2025,Active,Blocked
TransportCo20,AB0000019,26/02/2025,Blocked,Active
TransportCo20,AB0000019,05/03/2025,Active,Blocked
TransportCo20,AB0000019,12/03/2025,Blocked,Active
TransportCo21,AB0000020,01/01/2025,Active,Blocked
TransportCo21,AB0000020,08/01/2025,Blocked,Active
TransportCo21,AB0000020,29/01/2025,Active,Blocked
TransportCo21,AB0000020,12/02/2025,Blocked,Active
TransportCo21,AB0000020,19/02/2025,Active,Blocked
TransportCo21,AB0000020,26/02/2025,Blocked,Active
TransportCo21,AB0000020,12/03/2025,Active,Blocked
TransportCo21,AB0000020,26/03/2025,Blocked,Active
TransportCo21,AB0000020,09/04/2025,Active,Blocked
TransportCo21,AB0000020,23/04/2025,Blocked,Active
TransportCo21,AB0000020,14/05/2025,Active,Blocked
TransportCo21,AB0000020,21/05/2025,Blocked,Active
TransportCo21,AB0000020,04/06/2025,Active,Blocked
TransportCo21,AB0000020,11/06/2025,Blocked,Active
TransportCo22,AB0000021,01/01/2025,Active,Blocked
TransportCo22,AB0000021,08/01/2025,Blocked,Active
TransportCo22,AB0000021,15/01/2025,Active,Blocked
TransportCo22,AB0000021,05/02/2025,Blocked,Active
TransportCo22,AB0000021,19/02/2025,Active,Blocked
TransportCo22,AB0000021,05/03/2025,Blocked,Active
TransportCo22,AB0000021,26/03/2025,Active,Blocked
TransportCo22,AB0000021,16/04/2025,Blocked,Active
TransportCo22,AB0000021,30/04/2025,Active,Blocked
TransportCo22,AB0000021,07/05/2025,Blocked,Active
TransportCo23,AB0000022,01/01/2025,Active,Blocked
TransportCo23,AB0000022,08/01/2025,Blocked,Active
TransportCo23,AB0000022,29/01/2025,Active,Blocked
TransportCo23,AB0000022,12/02/2025,Blocked,Active
TransportCo23,AB0000022,05/03/2025,Active,Blocked
TransportCo23,AB0000022,26/03/2025,Blocked,Active
TransportCo23,AB0000022,16/04/2025,Active,Blocked
TransportCo24,AB0000023,01/01/2025,Blocked,Active
TransportCo25,AB0000024,01/01/2025,Active,Blocked
TransportCo25,AB0000024,15/01/2025,Blocked,Active
TransportCo25,AB0000024,05/02/2025,Active,Blocked
TransportCo25,AB0000024,26/02/2025,Blocked,Active
TransportCo25,AB0000024,12/03/2025,Active,Blocked
TransportCo26,AB0000025,01/01/2025,Blocked,Active
TransportCo26,AB0000025,15/01/2025,Active,Blocked
TransportCo26,AB0000025,22/01/2025,Blocked,Active
TransportCo26,AB0000025,05/02/2025,Active,Blocked
TransportCo26,AB0000025,19/02/2025,Blocked,Active
TransportCo26,AB0000025,26/02/2025,Active,Blocked
TransportCo26,AB0000025,12/03/2025,Blocked,Active
TransportCo26,AB0000025,02/04/2025,Active,Blocked
TransportCo26,AB0000025,16/04/2025,Blocked,Active
TransportCo26,AB0000025,07/05/2025,Active,Blocked
TransportCo26,AB0000025,28/05/2025,Blocked,Active
TransportCo26,AB0000025,04/06/2025,Active,Blocked
TransportCo26,AB0000025,25/06/2025,Blocked,Active
TransportCo27,AB0000026,01/01/2025,Active,Blocked
TransportCo28,AB0000027,01/01/2025,Blocked,Active
TransportCo28,AB0000027,22/01/2025,Active,Blocked
TransportCo28,AB0000027,29/01/2025,Blocked,Active
TransportCo28,AB0000027,05/02/2025,Active,Blocked
TransportCo28,AB0000027,19/02/2025,Blocked,Active
TransportCo28,AB0000027,12/03/2025,Active,Blocked
TransportCo28,AB0000027,02/04/2025,Blocked,Active
TransportCo28,AB0000027,23/04/2025,Active,Blocked
TransportCo28,AB0000027,14/05/2025,Blocked,Active
TransportCo28,AB0000027,04/06/2025,Active,Blocked
TransportCo28,AB0000027,11/06/2025,Blocked,Active
TransportCo28,AB0000027,25/06/2025,Active,Blocked
TransportCo28,AB0000027,02/07/2025,Blocked,Active
TransportCo29,AB0000028,01/01/2025,Active,Blocked
TransportCo29,AB0000028,08/01/2025,Blocked,Active
TransportCo29,AB0000028,22/01/2025,Active,Blocked
TransportCo29,AB0000028,12/02/2025,Blocked,Active
TransportCo29,AB0000028,26/02/2025,Active,Blocked
TransportCo29,AB0000028,19/03/2025,Blocked,Active
TransportCo29,AB0000028,02/04/2025,Active,Blocked
TransportCo29,AB0000028,09/04/2025,Blocked,Active
TransportCo29,AB0000028,23/04/2025,Active,Blocked
TransportCo29,AB0000028,30/04/2025,Blocked,Active
TransportCo29,AB0000028,21/05/2025,Active,Blocked
TransportCo29,AB0000028,04/06/2025,Blocked,Active
TransportCo30,AB0000029,01/01/2025,Active,Blocked
TransportCo30,AB0000029,15/01/2025,Blocked,Active
TransportCo30,AB0000029,29/01/2025,Active,Blocked
TransportCo30,AB0000029,05/02/2025,Blocked,Active
TransportCo30,AB0000029,26/02/2025,Active,Blocked
TransportCo30,AB0000029,05/03/2025,Blocked,Active
TransportCo31,AB0000030,01/01/2025,Active,Blocked
TransportCo31,AB0000030,22/01/2025,Blocked,Active
TransportCo31,AB0000030,12/02/2025,Active,Blocked
TransportCo31,AB0000030,05/03/2025,Blocked,Active
TransportCo31,AB0000030,19/03/2025,Active,Blocked
TransportCo31,AB0000030,02/04/2025,Blocked,Active
TransportCo31,AB0000030,23/04/2025,Active,Blocked
TransportCo31,AB0000030,30/04/2025,Blocked,Active
TransportCo31,AB0000030,14/05/2025,Active,Blocked
TransportCo31,AB0000030,28/05/2025,Blocked,Active
TransportCo31,AB0000030,18/06/2025,Active,Blocked
TransportCo31,AB0000030,09/07/2025,Blocked,Active
TransportCo31,AB0000030,30/07/2025,Active,Blocked
TransportCo31,AB0000030,20/08/2025,Blocked,Active
TransportCo31,AB0000030,10/09/2025,Active,Blocked
TransportCo32,AB0000031,01/01/2025,Blocked,Active
TransportCo32,AB0000031,15/01/2025,Active,Blocked
TransportCo32,AB0000031,22/01/2025,Blocked,Active
TransportCo32,AB0000031,05/02/2025,Active,Blocked
TransportCo32,AB0000031,26/02/2025,Blocked,Active
TransportCo32,AB0000031,12/03/2025,Active,Blocked
TransportCo32,AB0000031,02/04/2025,Blocked,Active
TransportCo33,AB0000032,01/01/2025,Active,Blocked
TransportCo33,AB0000032,08/01/2025,Blocked,Active
TransportCo33,AB0000032,22/01/2025,Active,Blocked
TransportCo33,AB0000032,12/02/2025,Blocked,Active
TransportCo33,AB0000032,19/02/2025,Active,Blocked
TransportCo33,AB0000032,26/02/2025,Blocked,Active
TransportCo33,AB0000032,12/03/2025,Active,Blocked
TransportCo33,AB0000032,19/03/2025,Blocked,Active
TransportCo34,AB0000033,01/01/2025,Active,Blocked
TransportCo34,AB0000033,08/01/2025,Blocked,Active
TransportCo34,AB0000033,22/01/2025,Active,Blocked
TransportCo34,AB0000033,29/01/2025,Blocked,Active
TransportCo34,AB0000033,19/02/2025,Active,Blocked
TransportCo34,AB0000033,05/03/2025,Blocked,Active
TransportCo34,AB0000033,12/03/2025,Active,Blocked
TransportCo34,AB0000033,02/04/2025,Blocked,Active
TransportCo35,AB0000034,01/01/2025,Active,Blocked
TransportCo35,AB0000034,22/01/2025,Blocked,Active
TransportCo35,AB0000034,12/02/2025,Active,Blocked
TransportCo35,AB0000034,19/02/2025,Blocked,Active
TransportCo35,AB0000034,05/03/2025,Active,Blocked
TransportCo35,AB0000034,12/03/2025,Blocked,Active
TransportCo35,AB0000034,19/03/2025,Active,Blocked
TransportCo35,AB0000034,09/04/2025,Blocked,Active
TransportCo36,AB0000035,01/01/2025,Active,Blocked
TransportCo36,AB0000035,08/01/2025,Blocked,Active
TransportCo36,AB0000035,29/01/2025,Active,Blocked
TransportCo36,AB0000035,12/02/2025,Blocked,Active
TransportCo37,AB0000036,01/01/2025,Active,Blocked
TransportCo37,AB0000036,15/01/2025,Blocked,Active
TransportCo37,AB0000036,29/01/2025,Active,Blocked
TransportCo37,AB0000036,19/02/2025,Blocked,Active
TransportCo37,AB0000036,26/02/2025,Active,Blocked
TransportCo37,AB0000036,19/03/2025,Blocked,Active
TransportCo37,AB0000036,02/04/2025,Active,Blocked
TransportCo37,AB0000036,09/04/2025,Blocked,Active
TransportCo37,AB0000036,30/04/2025,Active,Blocked
TransportCo37,AB0000036,21/05/2025,Blocked,Active
TransportCo38,AB0000037,01/01/2025,Active,Blocked
TransportCo38,AB0000037,22/01/2025,Blocked,Active
TransportCo38,AB0000037,29/01/2025,Active,Blocked
TransportCo38,AB0000037,12/02/2025,Blocked,Active
TransportCo38,AB0000037,05/03/2025,Active,Blocked
TransportCo38,AB0000037,19/03/2025,Blocked,Active
TransportCo38,AB0000037,26/03/2025,Active,Blocked
TransportCo38,AB0000037,02/04/2025,Blocked,Active
TransportCo38,AB0000037,16/04/2025,Active,Blocked
TransportCo38,AB0000037,07/05/2025,Blocked,Active
TransportCo38,AB0000037,14/05/2025,Active,Blocked
TransportCo39,AB0000038,01/01/2025,Blocked,Active
TransportCo39,AB0000038,15/01/2025,Active,Blocked
TransportCo39,AB0000038,29/01/2025,Blocked,Active
TransportCo39,AB0000038,05/02/2025,Active,Blocked
TransportCo39,AB0000038,19/02/2025,Blocked,Active
TransportCo39,AB0000038,12/03/2025,Active,Blocked
TransportCo39,AB0000038,19/03/2025,Blocked,Active
TransportCo39,AB0000038,26/03/2025,Active,Blocked
TransportCo39,AB0000038,09/04/2025,Blocked,Active
TransportCo39,AB0000038,30/04/2025,Active,Blocked
TransportCo39,AB0000038,21/05/2025,Blocked,Active
TransportCo40,AB0000039,01/01/2025,Active,Blocked
TransportCo40,AB0000039,15/01/2025,Blocked,Active
TransportCo40,AB0000039,22/01/2025,Active,Blocked
TransportCo40,AB0000039,12/02/2025,Blocked,Active
TransportCo40,AB0000039,26/02/2025,Active,Blocked
TransportCo40,AB0000039,05/03/2025,Blocked,Active
TransportCo40,AB0000039,19/03/2025,Active,Blocked
TransportCo40,AB0000039,26/03/2025,Blocked,Active
TransportCo40,AB0000039,09/04/2025,Active,Blocked
TransportCo40,AB0000039,30/04/2025,Blocked,Active
TransportCo41,AB0000040,01/01/2025,Active,Blocked
TransportCo41,AB0000040,15/01/2025,Blocked,Active
TransportCo41,AB0000040,05/02/2025,Active,Blocked
TransportCo41,AB0000040,12/02/2025,Blocked,Active
TransportCo41,AB0000040,19/02/2025,Active,Blocked
TransportCo41,AB0000040,26/02/2025,Blocked,Active
TransportCo41,AB0000040,12/03/2025,Active,Blocked
TransportCo41,AB0000040,26/03/2025,Blocked,Active
TransportCo41,AB0000040,16/04/2025,Active,Blocked
TransportCo41,AB0000040,07/05/2025,Blocked,Active
TransportCo42,AB0000041,01/01/2025,Active,Blocked
TransportCo42,AB0000041,22/01/2025,Blocked,Active
TransportCo42,AB0000041,29/01/2025,Active,Blocked
TransportCo42,AB0000041,19/02/2025,Blocked,Active
TransportCo42,AB0000041,26/02/2025,Active,Blocked
TransportCo42,AB0000041,12/03/2025,Blocked,Active
TransportCo42,AB0000041,02/04/2025,Active,Blocked
TransportCo42,AB0000041,16/04/2025,Blocked,Active
TransportCo42,AB0000041,30/04/2025,Active,Blocked
TransportCo42,AB0000041,14/05/2025,Blocked,Active
TransportCo42,AB0000041,04/06/2025,Active,Blocked
TransportCo43,AB0000042,01/01/2025,Blocked,Active
TransportCo43,AB0000042,22/01/2025,Active,Blocked
TransportCo43,AB0000042,12/02/2025,Blocked,Active
TransportCo43,AB0000042,26/02/2025,Active,Blocked
TransportCo43,AB0000042,19/03/2025,Blocked,Active
TransportCo43,AB0000042,26/03/2025,Active,Blocked
TransportCo43,AB0000042,09/04/2025,Blocked,Active
TransportCo43,AB0000042,30/04/2025,Active,Blocked
TransportCo43,AB0000042,21/05/2025,Blocked,Active
TransportCo43,AB0000042,04/06/2025,Active,Blocked
TransportCo44,AB0000043,01/01/2025,Blocked,Active
TransportCo44,AB0000043,15/01/2025,Active,Blocked
TransportCo44,AB0000043,22/01/2025,Blocked,Active
TransportCo44,AB0000043,29/01/2025,Active,Blocked
TransportCo44,AB0000043,12/02/2025,Blocked,Active
TransportCo44,AB0000043,05/03/2025,Active,Blocked
TransportCo44,AB0000043,26/03/2025,Blocked,Active
TransportCo44,AB0000043,16/04/2025,Active,Blocked
TransportCo44,AB0000043,30/04/2025,Blocked,Active
TransportCo44,AB0000043,07/05/2025,Active,Blocked
TransportCo44,AB0000043,28/05/2025,Blocked,Active
TransportCo44,AB0000043,11/06/2025,Active,Blocked
TransportCo45,AB0000044,01/01/2025,Blocked,Active
TransportCo46,AB0000045,01/01/2025,Active,Blocked
TransportCo46,AB0000045,22/01/2025,Blocked,Active
TransportCo46,AB0000045,29/01/2025,Active,Blocked
TransportCo46,AB0000045,12/02/2025,Blocked,Active
TransportCo46,AB0000045,19/02/2025,Active,Blocked
TransportCo46,AB0000045,05/03/2025,Blocked,Active
TransportCo47,AB0000046,01/01/2025,Active,Blocked
TransportCo47,AB0000046,22/01/2025,Blocked,Active
TransportCo47,AB0000046,12/02/2025,Active,Blocked
TransportCo47,AB0000046,19/02/2025,Blocked,Active
TransportCo47,AB0000046,12/03/2025,Active,Blocked
TransportCo47,AB0000046,02/04/2025,Blocked,Active
TransportCo48,AB0000047,01/01/2025,Active,Blocked
TransportCo48,AB0000047,15/01/2025,Blocked,Active
TransportCo48,AB0000047,05/02/2025,Active,Blocked
TransportCo48,AB0000047,12/02/2025,Blocked,Active
TransportCo48,AB0000047,19/02/2025,Active,Blocked
TransportCo48,AB0000047,26/02/2025,Blocked,Active
TransportCo48,AB0000047,05/03/2025,Active,Blocked
TransportCo48,AB0000047,19/03/2025,Blocked,Active
TransportCo48,AB0000047,09/04/2025,Active,Blocked
TransportCo49,AB0000048,01/01/2025,Blocked,Active
TransportCo49,AB0000048,15/01/2025,Active,Blocked
TransportCo49,AB0000048,29/01/2025,Blocked,Active
TransportCo49,AB0000048,12/02/2025,Active,Blocked
TransportCo49,AB0000048,05/03/2025,Blocked,Active
TransportCo49,AB0000048,12/03/2025,Active,Blocked
TransportCo49,AB0000048,02/04/2025,Blocked,Active
TransportCo49,AB0000048,09/04/2025,Active,Blocked
TransportCo49,AB0000048,30/04/2025,Blocked,Active
TransportCo49,AB0000048,21/05/2025,Active,Blocked
TransportCo49,AB0000048,04/06/2025,Blocked,Active
TransportCo49,AB0000048,11/06/2025,Active,Blocked
TransportCo49,AB0000048,18/06/2025,Blocked,Active
TransportCo49,AB0000048,09/07/2025,Active,Blocked
TransportCo49,AB0000048,23/07/2025,Blocked,Active
TransportCo50,AB0000049,01/01/2025,Active,Blocked
TransportCo50,AB0000049,22/01/2025,Blocked,Active
TransportCo50,AB0000049,29/01/2025,Active,Blocked
TransportCo50,AB0000049,05/02/2025,Blocked,Active
TransportCo50,AB0000049,19/02/2025,Active,Blocked
TransportCo50,AB0000049,26/02/2025,Blocked,Active
TransportCo50,AB0000049,12/03/2025,Active,Blocked
TransportCo50,AB0000049,26/03/2025,Blocked,Active
TransportCo51,AB0000050,01/01/2025,Active,Blocked
TransportCo51,AB0000050,15/01/2025,Blocked,Active
TransportCo51,AB0000050,29/01/2025,Active,Blocked
TransportCo51,AB0000050,05/02/2025,Blocked,Active
TransportCo51,AB0000050,12/02/2025,Active,Blocked
TransportCo51,AB0000050,19/02/2025,Blocked,Active
TransportCo51,AB0000050,12/03/2025,Active,Blocked
TransportCo51,AB0000050,26/03/2025,Blocked,Active
TransportCo51,AB0000050,09/04/2025,Active,Blocked
TransportCo51,AB0000050,30/04/2025,Blocked,Active
TransportCo51,AB0000050,14/05/2025,Active,Blocked
TransportCo52,AB0000051,01/01/2025,Blocked,Active
TransportCo52,AB0000051,22/01/2025,Active,Blocked
TransportCo52,AB0000051,29/01/2025,Blocked,Active
TransportCo52,AB0000051,05/02/2025,Active,Blocked
TransportCo53,AB0000052,01/01/2025,Blocked,Active
TransportCo53,AB0000052,22/01/2025,Active,Blocked
TransportCo53,AB0000052,29/01/2025,Blocked,Active
TransportCo53,AB0000052,19/02/2025,Active,Blocked
TransportCo53,AB0000052,05/03/2025,Blocked,Active
TransportCo53,AB0000052,12/03/2025,Active,Blocked
TransportCo53,AB0000052,02/04/2025,Blocked,Active
TransportCo53,AB0000052,23/04/2025,Active,Blocked
TransportCo53,AB0000052,30/04/2025,Blocked,Active
TransportCo53,AB0000052,07/05/2025,Active,Blocked
TransportCo53,AB0000052,21/05/2025,Blocked,Active
TransportCo53,AB0000052,04/06/2025,Active,Blocked
TransportCo53,AB0000052,11/06/2025,Blocked,Active
TransportCo54,AB0000053,01/01/2025,Active,Blocked
TransportCo54,AB0000053,22/01/2025,Blocked,Active
TransportCo54,AB0000053,12/02/2025,Active,Blocked
TransportCo54,AB0000053,26/02/2025,Blocked,Active
TransportCo54,AB0000053,05/03/2025,Active,Blocked
TransportCo54,AB0000053,12/03/2025,Blocked,Active
TransportCo54,AB0000053,26/03/2025,Active,Blocked
TransportCo54,AB0000053,02/04/2025,Blocked,Active
TransportCo55,AB0000054,01/01/2025,Active,Blocked
TransportCo55,AB0000054,15/01/2025,Blocked,Active
TransportCo55,AB0000054,29/01/2025,Active,Blocked
TransportCo55,AB0000054,05/02/2025,Blocked,Active
TransportCo55,AB0000054,26/02/2025,Active,Blocked
TransportCo55,AB0000054,12/03/2025,Blocked,Active
TransportCo55,AB0000054,02/04/2025,Active,Blocked
TransportCo55,AB0000054,23/04/2025,Blocked,Active
TransportCo55,AB0000054,07/05/2025,Active,Blocked
TransportCo55,AB0000054,28/05/2025,Blocked,Active
TransportCo55,AB0000054,18/06/2025,Active,Blocked
TransportCo56,AB0000055,01/01/2025,Blocked,Active
TransportCo56,AB0000055,08/01/2025,Active,Blocked
TransportCo56,AB0000055,15/01/2025,Blocked,Active
TransportCo56,AB0000055,22/01/2025,Active,Blocked
TransportCo56,AB0000055,12/02/2025,Blocked,Active
TransportCo56,AB0000055,26/02/2025,Active,Blocked
TransportCo56,AB0000055,19/03/2025,Blocked,Active
TransportCo56,AB0000055,09/04/2025,Active,Blocked
TransportCo56,AB0000055,30/04/2025,Blocked,Active
TransportCo56,AB0000055,14/05/2025,Active,Blocked
TransportCo56,AB0000055,28/05/2025,Blocked,Active
TransportCo56,AB0000055,18/06/2025,Active,Blocked
TransportCo56,AB0000055,02/07/2025,Blocked,Active
TransportCo56,AB0000055,16/07/2025,Active,Blocked
TransportCo57,AB0000056,01/01/2025,Blocked,Active
TransportCo57,AB0000056,08/01/2025,Active,Blocked
TransportCo57,AB0000056,29/01/2025,Blocked,Active
TransportCo57,AB0000056,12/02/2025,Active,Blocked
TransportCo57,AB0000056,19/02/2025,Blocked,Active
TransportCo57,AB0000056,12/03/2025,Active,Blocked
TransportCo57,AB0000056,19/03/2025,Blocked,Active
TransportCo57,AB0000056,02/04/2025,Active,Blocked
TransportCo57,AB0000056,09/04/2025,Blocked,Active
TransportCo57,AB0000056,23/04/2025,Active,Blocked
TransportCo57,AB0000056,30/04/2025,Blocked,Active
TransportCo57,AB0000056,21/05/2025,Active,Blocked
TransportCo57,AB0000056,04/06/2025,Blocked,Active
TransportCo57,AB0000056,25/06/2025,Active,Blocked
TransportCo57,AB0000056,16/07/2025,Blocked,Active
TransportCo58,AB0000057,01/01/2025,Active,Blocked
TransportCo58,AB0000057,22/01/2025,Blocked,Active
TransportCo58,AB0000057,29/01/2025,Active,Blocked
TransportCo58,AB0000057,12/02/2025,Blocked,Active
TransportCo58,AB0000057,19/02/2025,Active,Blocked
TransportCo58,AB0000057,05/03/2025,Blocked,Active
TransportCo58,AB0000057,19/03/2025,Active,Blocked
TransportCo58,AB0000057,02/04/2025,Blocked,Active
TransportCo58,AB0000057,09/04/2025,Active,Blocked
TransportCo58,AB0000057,16/04/2025,Blocked,Active
TransportCo58,AB0000057,23/04/2025,Active,Blocked
TransportCo58,AB0000057,14/05/2025,Blocked,Active
TransportCo58,AB0000057,21/05/2025,Active,Blocked
TransportCo58,AB0000057,04/06/2025,Blocked,Active
TransportCo59,AB0000058,01/01/2025,Active,Blocked
TransportCo59,AB0000058,08/01/2025,Blocked,Active
TransportCo59,AB0000058,15/01/2025,Active,Blocked
TransportCo59,AB0000058,05/02/2025,Blocked,Active
TransportCo59,AB0000058,26/02/2025,Active,Blocked
TransportCo59,AB0000058,19/03/2025,Blocked,Active
TransportCo59,AB0000058,26/03/2025,Active,Blocked
TransportCo59,AB0000058,09/04/2025,Blocked,Active
TransportCo59,AB0000058,16/04/2025,Active,Blocked
TransportCo60,AB0000059,01/01/2025,Blocked,Active
TransportCo60,AB0000059,08/01/2025,Active,Blocked
TransportCo60,AB0000059,15/01/2025,Blocked,Active
TransportCo60,AB0000059,05/02/2025,Active,Blocked
TransportCo61,AB0000060,01/01/2025,Blocked,Active
TransportCo61,AB0000060,08/01/2025,Active,Blocked
TransportCo61,AB0000060,22/01/2025,Blocked,Active
TransportCo61,AB0000060,12/02/2025,Active,Blocked
TransportCo61,AB0000060,05/03/2025,Blocked,Active
TransportCo62,AB0000061,01/01/2025,Active,Blocked
TransportCo62,AB0000061,15/01/2025,Blocked,Active
TransportCo63,AB0000062,01/01/2025,Active,Blocked
TransportCo63,AB0000062,22/01/2025,Blocked,Active
TransportCo63,AB0000062,12/02/2025,Active,Blocked
TransportCo63,AB0000062,26/02/2025,Blocked,Active
TransportCo63,AB0000062,19/03/2025,Active,Blocked
TransportCo63,AB0000062,26/03/2025,Blocked,Active
TransportCo63,AB0000062,09/04/2025,Active,Blocked
TransportCo63,AB0000062,30/04/2025,Blocked,Active
TransportCo63,AB0000062,14/05/2025,Active,Blocked
TransportCo64,AB0000063,01/01/2025,Blocked,Active
TransportCo65,AB0000064,01/01/2025,Active,Blocked
TransportCo65,AB0000064,22/01/2025,Blocked,Active
TransportCo65,AB0000064,29/01/2025,Active,Blocked
TransportCo66,AB0000065,01/01/2025,Blocked,Active
TransportCo66,AB0000065,08/01/2025,Active,Blocked
TransportCo66,AB0000065,29/01/2025,Blocked,Active
TransportCo66,AB0000065,19/02/2025,Active,Blocked
TransportCo66,AB0000065,12/03/2025,Blocked,Active
TransportCo66,AB0000065,02/04/2025,Active,Blocked
TransportCo67,AB0000066,01/01/2025,Blocked,Active
TransportCo67,AB0000066,15/01/2025,Active,Blocked
TransportCo67,AB0000066,22/01/2025,Blocked,Active
TransportCo68,AB0000067,01/01/2025,Active,Blocked
TransportCo68,AB0000067,22/01/2025,Blocked,Active
TransportCo68,AB0000067,29/01/2025,Active,Blocked
TransportCo68,AB0000067,05/02/2025,Blocked,Active
TransportCo68,AB0000067,26/02/2025,Active,Blocked
TransportCo69,AB0000068,01/01/2025,Blocked,Active
TransportCo69,AB0000068,08/01/2025,Active,Blocked
TransportCo69,AB0000068,29/01/2025,Blocked,Active
TransportCo69,AB0000068,19/02/2025,Active,Blocked
TransportCo69,AB0000068,12/03/2025,Blocked,Active
TransportCo69,AB0000068,02/04/2025,Active,Blocked
TransportCo69,AB0000068,23/04/2025,Blocked,Active
TransportCo69,AB0000068,07/05/2025,Active,Blocked
TransportCo69,AB0000068,28/05/2025,Blocked,Active
TransportCo69,AB0000068,18/06/2025,Active,Blocked
TransportCo69,AB0000068,25/06/2025,Blocked,Active
TransportCo69,AB0000068,09/07/2025,Active,Blocked
TransportCo69,AB0000068,16/07/2025,Blocked,Active
TransportCo69,AB0000068,30/07/2025,Active,Blocked
TransportCo70,AB0000069,01/01/2025,Blocked,Active
TransportCo70,AB0000069,22/01/2025,Active,Blocked
TransportCo70,AB0000069,12/02/2025,Blocked,Active
TransportCo70,AB0000069,05/03/2025,Active,Blocked
TransportCo70,AB0000069,26/03/2025,Blocked,Active
TransportCo70,AB0000069,16/04/2025,Active,Blocked
TransportCo70,AB0000069,23/04/2025,Blocked,Active
TransportCo70,AB0000069,14/05/2025,Active,Blocked
TransportCo70,AB0000069,04/06/2025,Blocked,Active
TransportCo70,AB0000069,25/06/2025,Active,Blocked
TransportCo71,AB0000070,01/01/2025,Blocked,Active
TransportCo71,AB0000070,22/01/2025,Active,Blocked
TransportCo71,AB0000070,05/02/2025,Blocked,Active
TransportCo72,AB0000071,01/01/2025,Active,Blocked
TransportCo72,AB0000071,22/01/2025,Blocked,Active
TransportCo72,AB0000071,29/01/2025,Active,Blocked
TransportCo73,AB0000072,01/01/2025,Blocked,Active
TransportCo73,AB0000072,15/01/2025,Active,Blocked
TransportCo73,AB0000072,22/01/2025,Blocked,Active
TransportCo73,AB0000072,05/02/2025,Active,Blocked
TransportCo73,AB0000072,26/02/2025,Blocked,Active
TransportCo73,AB0000072,19/03/2025,Active,Blocked
TransportCo73,AB0000072,02/04/2025,Blocked,Active
TransportCo73,AB0000072,23/04/2025,Active,Blocked
TransportCo73,AB0000072,30/04/2025,Blocked,Active
TransportCo73,AB0000072,14/05/2025,Active,Blocked
TransportCo73,AB0000072,28/05/2025,Blocked,Active
TransportCo73,AB0000072,04/06/2025,Active,Blocked
TransportCo73,AB0000072,18/06/2025,Blocked,Active
TransportCo73,AB0000072,02/07/2025,Active,Blocked
TransportCo74,AB0000073,01/01/2025,Blocked,Active
TransportCo74,AB0000073,15/01/2025,Active,Blocked
TransportCo74,AB0000073,29/01/2025,Blocked,Active
TransportCo74,AB0000073,19/02/2025,Active,Blocked
TransportCo74,AB0000073,12/03/2025,Blocked,Active
TransportCo74,AB0000073,02/04/2025,Active,Blocked
TransportCo75,AB0000074,01/01/2025,Blocked,Active
TransportCo76,AB0000075,01/01/2025,Active,Blocked
TransportCo76,AB0000075,08/01/2025,Blocked,Active
TransportCo76,AB0000075,22/01/2025,Active,Blocked
TransportCo76,AB0000075,29/01/2025,Blocked,Active
TransportCo76,AB0000075,12/02/2025,Active,Blocked
TransportCo76,AB0000075,05/03/2025,Blocked,Active
TransportCo76,AB0000075,19/03/2025,Active,Blocked
TransportCo76,AB0000075,02/04/2025,Blocked,Active
TransportCo76,AB0000075,23/04/2025,Active,Blocked
TransportCo76,AB0000075,14/05/2025,Blocked,Active
TransportCo76,AB0000075,21/05/2025,Active,Blocked
TransportCo76,AB0000075,11/06/2025,Blocked,Active
TransportCo76,AB0000075,18/06/2025,Active,Blocked
TransportCo76,AB0000075,09/07/2025,Blocked,Active
TransportCo76,AB0000075,23/07/2025,Active,Blocked
TransportCo77,AB0000076,01/01/2025,Blocked,Active
TransportCo77,AB0000076,22/01/2025,Active,Blocked
TransportCo77,AB0000076,12/02/2025,Blocked,Active
TransportCo77,AB0000076,19/02/2025,Active,Blocked
TransportCo78,AB0000077,01/01/2025,Blocked,Active
TransportCo78,AB0000077,15/01/2025,Active,Blocked
TransportCo78,AB0000077,05/02/2025,Blocked,Active
TransportCo78,AB0000077,19/02/2025,Active,Blocked
TransportCo78,AB0000077,05/03/2025,Blocked,Active
TransportCo78,AB0000077,19/03/2025,Active,Blocked
TransportCo79,AB0000078,01/01/2025,Blocked,Active
TransportCo79,AB0000078,22/01/2025,Active,Blocked
TransportCo79,AB0000078,12/02/2025,Blocked,Active
TransportCo79,AB0000078,19/02/2025,Active,Blocked
TransportCo80,AB0000079,01/01/2025,Blocked,Active
TransportCo80,AB0000079,22/01/2025,Active,Blocked
TransportCo80,AB0000079,29/01/2025,Blocked,Active
TransportCo80,AB0000079,05/02/2025,Active,Blocked
TransportCo80,AB0000079,19/02/2025,Blocked,Active
TransportCo80,AB0000079,05/03/2025,Active,Blocked
TransportCo80,AB0000079,19/03/2025,Blocked,Active
TransportCo80,AB0000079,26/03/2025,Active,Blocked
TransportCo80,AB0000079,02/04/2025,Blocked,Active
TransportCo80,AB0000079,23/04/2025,Active,Blocked
TransportCo80,AB0000079,07/05/2025,Blocked,Active
TransportCo81,AB0000080,01/01/2025,Active,Blocked
TransportCo81,AB0000080,08/01/2025,Blocked,Active
TransportCo81,AB0000080,15/01/2025,Active,Blocked
TransportCo81,AB0000080,05/02/2025,Blocked,Active
TransportCo81,AB0000080,26/02/2025,Active,Blocked
TransportCo81,AB0000080,19/03/2025,Blocked,Active
TransportCo81,AB0000080,02/04/2025,Active,Blocked
TransportCo81,AB0000080,23/04/2025,Blocked,Active
TransportCo81,AB0000080,07/05/2025,Active,Blocked
TransportCo81,AB0000080,21/05/2025,Blocked,Active
TransportCo82,AB0000081,01/01/2025,Active,Blocked
TransportCo82,AB0000081,22/01/2025,Blocked,Active
TransportCo82,AB0000081,29/01/2025,Active,Blocked
TransportCo82,AB0000081,19/02/2025,Blocked,Active
TransportCo82,AB0000081,12/03/2025,Active,Blocked
TransportCo82,AB0000081,02/04/2025,Blocked,Active
TransportCo82,AB0000081,23/04/2025,Active,Blocked
TransportCo82,AB0000081,14/05/2025,Blocked,Active
TransportCo82,AB0000081,21/05/2025,Active,Blocked
TransportCo82,AB0000081,04/06/2025,Blocked,Active
TransportCo82,AB0000081,11/06/2025,Active,Blocked
TransportCo83,AB0000082,01/01/2025,Blocked,Active
TransportCo83,AB0000082,08/01/2025,Active,Blocked
TransportCo83,AB0000082,29/01/2025,Blocked,Active
TransportCo83,AB0000082,05/02/2025,Active,Blocked
TransportCo83,AB0000082,26/02/2025,Blocked,Active
TransportCo83,AB0000082,05/03/2025,Active,Blocked
TransportCo83,AB0000082,26/03/2025,Blocked,Active
TransportCo83,AB0000082,09/04/2025,Active,Blocked
TransportCo83,AB0000082,23/04/2025,Blocked,Active
TransportCo83,AB0000082,30/04/2025,Active,Blocked
TransportCo84,AB0000083,01/01/2025,Blocked,Active
TransportCo84,AB0000083,15/01/2025,Active,Blocked
TransportCo84,AB0000083,29/01/2025,Blocked,Active
TransportCo84,AB0000083,12/02/2025,Active,Blocked
TransportCo84,AB0000083,19/02/2025,Blocked,Active
TransportCo84,AB0000083,05/03/2025,Active,Blocked
TransportCo84,AB0000083,19/03/2025,Blocked,Active
TransportCo84,AB0000083,26/03/2025,Active,Blocked
TransportCo84,AB0000083,02/04/2025,Blocked,Active
TransportCo85,AB0000084,01/01/2025,Active,Blocked
TransportCo85,AB0000084,15/01/2025,Blocked,Active
TransportCo85,AB0000084,05/02/2025,Active,Blocked
TransportCo85,AB0000084,12/02/2025,Blocked,Active
TransportCo85,AB0000084,26/02/2025,Active,Blocked
TransportCo85,AB0000084,05/03/2025,Blocked,Active
TransportCo85,AB0000084,12/03/2025,Active,Blocked
TransportCo86,AB0000085,01/01/2025,Blocked,Active
TransportCo86,AB0000085,22/01/2025,Active,Blocked
TransportCo86,AB0000085,12/02/2025,Blocked,Active
TransportCo86,AB0000085,19/02/2025,Active,Blocked
TransportCo86,AB0000085,05/03/2025,Blocked,Active
TransportCo86,AB0000085,26/03/2025,Active,Blocked
TransportCo86,AB0000085,16/04/2025,Blocked,Active
TransportCo86,AB0000085,23/04/2025,Active,Blocked
TransportCo86,AB0000085,14/05/2025,Blocked,Active
TransportCo86,AB0000085,21/05/2025,Active,Blocked
TransportCo86,AB0000085,28/05/2025,Blocked,Active
TransportCo86,AB0000085,18/06/2025,Active,Blocked
TransportCo87,AB0000086,01/01/2025,Blocked,Active
TransportCo87,AB0000086,22/01/2025,Active,Blocked
TransportCo87,AB0000086,12/02/2025,Blocked,Active
TransportCo87,AB0000086,05/03/2025,Active,Blocked
TransportCo87,AB0000086,26/03/2025,Blocked,Active
TransportCo87,AB0000086,09/04/2025,Active,Blocked
TransportCo88,AB0000087,01/01/2025,Blocked,Active
TransportCo88,AB0000087,22/01/2025,Active,Blocked
TransportCo89,AB0000088,01/01/2025,Blocked,Active
TransportCo89,AB0000088,15/01/2025,Active,Blocked
TransportCo89,AB0000088,29/01/2025,Blocked,Active
TransportCo89,AB0000088,19/02/2025,Active,Blocked
TransportCo89,AB0000088,12/03/2025,Blocked,Active
TransportCo89,AB0000088,02/04/2025,Active,Blocked
TransportCo89,AB0000088,09/04/2025,Blocked,Active
TransportCo89,AB0000088,30/04/2025,Active,Blocked
TransportCo89,AB0000088,21/05/2025,Blocked,Active
TransportCo89,AB0000088,04/06/2025,Active,Blocked
TransportCo89,AB0000088,11/06/2025,Blocked,Active
TransportCo89,AB0000088,18/06/2025,Active,Blocked
TransportCo89,AB0000088,09/07/2025,Blocked,Active
TransportCo89,AB0000088,23/07/2025,Active,Blocked
TransportCo90,AB0000089,01/01/2025,Blocked,Active
TransportCo90,AB0000089,22/01/2025,Active,Blocked
TransportCo90,AB0000089,05/02/2025,Blocked,Active
TransportCo90,AB0000089,19/02/2025,Active,Blocked
TransportCo90,AB0000089,12/03/2025,Blocked,Active
TransportCo90,AB0000089,26/03/2025,Active,Blocked
TransportCo90,AB0000089,09/04/2025,Blocked,Active
TransportCo90,AB0000089,16/04/2025,Active,Blocked
TransportCo90,AB0000089,30/04/2025,Blocked,Active
TransportCo91,AB0000090,01/01/2025,Active,Blocked
TransportCo91,AB0000090,15/01/2025,Blocked,Active
TransportCo91,AB0000090,05/02/2025,Active,Blocked
TransportCo91,AB0000090,19/02/2025,Blocked,Active
TransportCo91,AB0000090,26/02/2025,Active,Blocked
TransportCo92,AB0000091,01/01/2025,Blocked,Active
TransportCo92,AB0000091,15/01/2025,Active,Blocked
TransportCo92,AB0000091,29/01/2025,Blocked,Active
TransportCo92,AB0000091,12/02/2025,Active,Blocked
TransportCo92,AB0000091,19/02/2025,Blocked,Active
TransportCo92,AB0000091,26/02/2025,Active,Blocked
TransportCo93,AB0000092,01/01/2025,Blocked,Active
TransportCo93,AB0000092,22/01/2025,Active,Blocked
TransportCo93,AB0000092,05/02/2025,Blocked,Active
TransportCo93,AB0000092,26/02/2025,Active,Blocked
TransportCo93,AB0000092,19/03/2025,Blocked,Active
TransportCo93,AB0000092,26/03/2025,Active,Blocked
TransportCo93,AB0000092,02/04/2025,Blocked,Active
TransportCo93,AB0000092,09/04/2025,Active,Blocked
TransportCo93,AB0000092,23/04/2025,Blocked,Active
TransportCo93,AB0000092,30/04/2025,Active,Blocked
TransportCo93,AB0000092,14/05/2025,Blocked,Active
TransportCo93,AB0000092,21/05/2025,Active,Blocked
TransportCo93,AB0000092,04/06/2025,Blocked,Active
TransportCo94,AB0000093,01/01/2025,Active,Blocked
TransportCo94,AB0000093,15/01/2025,Blocked,Active
TransportCo94,AB0000093,29/01/2025,Active,Blocked
TransportCo94,AB0000093,12/02/2025,Blocked,Active
TransportCo94,AB0000093,19/02/2025,Active,Blocked
TransportCo94,AB0000093,05/03/2025,Blocked,Active
TransportCo94,AB0000093,26/03/2025,Active,Blocked
TransportCo94,AB0000093,16/04/2025,Blocked,Active
TransportCo94,AB0000093,30/04/2025,Active,Blocked
TransportCo94,AB0000093,21/05/2025,Blocked,Active
TransportCo94,AB0000093,28/05/2025,Active,Blocked
TransportCo94,AB0000093,18/06/2025,Blocked,Active
TransportCo94,AB0000093,02/07/2025,Active,Blocked
TransportCo95,AB0000094,01/01/2025,Blocked,Active
TransportCo95,AB0000094,15/01/2025,Active,Blocked
TransportCo95,AB0000094,22/01/2025,Blocked,Active
TransportCo95,AB0000094,12/02/2025,Active,Blocked
TransportCo95,AB0000094,05/03/2025,Blocked,Active
TransportCo96,AB0000095,01/01/2025,Active,Blocked
TransportCo96,AB0000095,15/01/2025,Blocked,Active
TransportCo96,AB0000095,22/01/2025,Active,Blocked
TransportCo97,AB0000096,01/01/2025,Blocked,Active
TransportCo97,AB0000096,15/01/2025,Active,Blocked
TransportCo97,AB0000096,22/01/2025,Blocked,Active
TransportCo97,AB0000096,05/02/2025,Active,Blocked
TransportCo97,AB0000096,12/02/2025,Blocked,Active
TransportCo97,AB0000096,19/02/2025,Active,Blocked
TransportCo97,AB0000096,05/03/2025,Blocked,Active
TransportCo97,AB0000096,19/03/2025,Active,Blocked
TransportCo98,AB0000097,01/01/2025,Blocked,Active
TransportCo98,AB0000097,22/01/2025,Active,Blocked
TransportCo98,AB0000097,05/02/2025,Blocked,Active
TransportCo98,AB0000097,12/02/2025,Active,Blocked
TransportCo98,AB0000097,26/02/2025,Blocked,Active
TransportCo98,AB0000097,12/03/2025,Active,Blocked
TransportCo98,AB0000097,02/04/2025,Blocked,Active
TransportCo98,AB0000097,09/04/2025,Active,Blocked
TransportCo99,AB0000098,01/01/2025,Blocked,Active
TransportCo99,AB0000098,15/01/2025,Active,Blocked
TransportCo99,AB0000098,29/01/2025,Blocked,Active
TransportCo99,AB0000098,05/02/2025,Active,Blocked
TransportCo99,AB0000098,12/02/2025,Blocked,Active
TransportCo99,AB0000098,05/03/2025,Active,Blocked
TransportCo99,AB0000098,19/03/2025,Blocked,Active
TransportCo100,AB0000099,01/01/2025,Active,Blocked
